Wall time,Step,Value
1684782548.4312677,43926,2.389185667037964
1684783910.8102465,87853,1.988399863243103
1684785273.290998,131780,1.8623369932174683
1684786635.9282782,175707,1.7895208597183228
1684787998.6242323,219634,1.7402185201644897
1684789361.3594756,263561,1.703383207321167
1684790724.0499697,307488,1.6748048067092896
1684792086.5911822,351415,1.6514898538589478
1684793449.2076306,395342,1.6322009563446045
1684794811.735322,439269,1.615228533744812
