Wall time,Step,Value
1684782548.1053438,43926,1.9898638725280762
1684783910.4947817,87853,1.8226723670959473
1684785272.954853,131780,1.7423566579818726
1684786635.5800183,175707,1.690761685371399
1684787998.2892473,219634,1.6605857610702515
1684789361.0181296,263561,1.6309144496917725
1684790723.7133868,307488,1.613937258720398
1684792086.2468777,351415,1.6041755676269531
1684793448.8699899,395342,1.5932114124298096
1684794811.387094,439269,1.5926247835159302
